,ID,Dataset,Experiment Name,RNN,Epoch,Units,Batch Size,Activation,Metric,train_loss,train_metric,val_loss,val_metric,Total Time
0,0,IMDB,GRU,gru,1.0,64,32,cumax,acc,0.5807909965515137,0.6723111271858215,0.3959001302719116,0.8356000185012817,0:03:27.513443
1,1,IMDB,GRU,gru,1.0,64,32,tanh,acc,0.449398010969162,0.7630444169044495,0.2790015637874603,0.8809999823570251,0:02:46.651602
2,2,IMDB,GRU,bi_gru,,64,32,tanh,acc,,,,,
3,3,IMDB,GRU,bi_gru,,64,32,tanh,acc,,,,,
4,4,IMDB,GRU,bi_gru,,64,32,tanh,acc,,,,,
5,5,IMDB,GRU,BiGRU,1.0,64,32,tanh,acc,0.4718405902385711,0.7429777979850769,0.304223358631134,0.8733999729156494,0:04:40.312597
6,6,IMDB,GRU,BiGRU,1.0,64,32,tanh,acc,0.4757457375526428,0.7399777770042419,0.28766709566116333,0.8773999810218811,0:04:42.729256
