,ID,Dataset,Experiment Name,RNN,Epoch,Units,Batch Size,Activation,Metric,train_loss,train_metric,val_loss,val_metric,Total Time
0,0,IMDB,GRU,gru,1.0,64,32,cumax,acc,0.5807909965515137,0.6723111271858215,0.3959001302719116,0.8356000185012817,0:03:27.513443
1,1,IMDB,GRU,gru,1.0,64,32,tanh,acc,0.449398010969162,0.7630444169044495,0.2790015637874603,0.8809999823570251,0:02:46.651602
